message_id,ticket_id,sender_type,sent_at,message_text
1,ee9637f5,customer,2026-02-06 15:54:52,This is ABSOLUTELY TERRIBLE! I HATE this new color scheme! It's ugly and hurts my eyes! WORST decision ever!
2,ee9637f5,agent,2026-02-06 16:24:52,Thanks for sharing your opinion. We'll consider your input for future updates.
3,5f36db9f,customer,2026-02-06 15:54:52,The font is DISGUSTING! Who approved this garbage?! This is the WORST UI I've ever seen! FIX IT NOW!!!
4,5f36db9f,agent,2026-02-06 16:24:52,Thank you for your feedback. We understand design preferences vary and will share your input with our design team.
5,9ebf1090,customer,2026-02-06 15:54:52,I can't believe how UGLY this interface is! The colors are AWFUL! This is UNACCEPTABLE!!!!
6,9ebf1090,agent,2026-02-06 16:24:52,Thanks for sharing your opinion. We'll consider your input for future updates.
7,930c17ff,customer,2026-02-06 15:54:52,HORRIBLE! AWFUL! TERRIBLE! This button color makes me want to SCREAM! Change it back IMMEDIATELY!
8,930c17ff,agent,2026-02-06 16:24:52,Thank you for your feedback. We understand design preferences vary and will share your input with our design team.
9,6866d2d9,customer,2026-02-06 15:54:52,What kind of IDIOT designed this layout?! It's the most HIDEOUS thing I've ever seen! SHAME ON YOU!
10,6866d2d9,agent,2026-02-06 16:24:52,Thank you for reaching out. We're always looking to improve and value your perspective.
11,d8432e70,customer,2026-02-06 15:54:52,This new icon is SO UGLY! I DEMAND you change it back! This is OUTRAGEOUS!!!
12,d8432e70,agent,2026-02-06 16:24:52,We appreciate you taking the time to share your thoughts. Your feedback has been noted.
13,b9a5bc76,customer,2026-02-06 15:54:52,I am FURIOUS about this font change! It looks TERRIBLE! You've RUINED the entire app!
14,b9a5bc76,agent,2026-02-06 16:24:52,Thank you for your feedback. We understand design preferences vary and will share your input with our design team.
15,219240a5,customer,2026-02-06 15:54:52,WORST UPDATE EVER! The logo looks like GARBAGE! My 5-year-old could design better! PATHETIC!
16,219240a5,agent,2026-02-06 16:24:52,Thank you for reaching out. We're always looking to improve and value your perspective.
17,c47ae36c,customer,2026-02-06 15:54:52,This shade of blue is OFFENSIVE! How DARE you change it?! I'm SO ANGRY right now!!!
18,c47ae36c,agent,2026-02-06 16:24:52,We appreciate you taking the time to share your thoughts. Your feedback has been noted.
19,b1970683,customer,2026-02-06 15:54:52,HATE HATE HATE this new theme! It's an ABOMINATION! The old one was INFINITELY better!
20,b1970683,agent,2026-02-06 16:24:52,Thank you for reaching out. We're always looking to improve and value your perspective.
21,a2b62e6b,customer,2026-02-06 15:54:52,The menu looks DISGUSTING now! What were you THINKING?! TERRIBLE decision-making!
22,a2b62e6b,agent,2026-02-06 16:24:52,Thank you for reaching out. We're always looking to improve and value your perspective.
23,3bb74258,customer,2026-02-06 15:54:52,I CANNOT STAND this new gradient! It's UGLY beyond words! CHANGE IT BACK!!!
24,3bb74258,agent,2026-02-06 16:24:52,Thank you for reaching out. We're always looking to improve and value your perspective.
25,21dc3a2d,customer,2026-02-06 15:54:52,This button shape is AWFUL! I'm LOSING MY MIND over how bad this looks! UNBELIEVABLE!
26,21dc3a2d,agent,2026-02-06 16:24:52,Thank you for your feedback. We understand design preferences vary and will share your input with our design team.
27,5d17df11,customer,2026-02-06 15:54:52,WORST. DESIGN. EVER. The spacing is ATROCIOUS! Fire your entire design team!!!
28,5d17df11,agent,2026-02-06 16:24:52,Thank you for your feedback. We understand design preferences vary and will share your input with our design team.
29,57c28ebd,customer,2026-02-06 15:54:52,I'm ENRAGED by this color palette! It's HIDEOUS! WHO APPROVED THIS NIGHTMARE?!
30,57c28ebd,agent,2026-02-06 16:24:52,Thank you for reaching out. We're always looking to improve and value your perspective.
31,7993a2b8,customer,2026-02-06 15:54:52,This is ABSOLUTELY TERRIBLE! I HATE this new color scheme! It's ugly and hurts my eyes! WORST decision ever!
32,7993a2b8,agent,2026-02-06 16:24:52,Thanks for sharing your opinion. We'll consider your input for future updates.
33,cbb2a1a6,customer,2026-02-06 15:54:52,The font is DISGUSTING! Who approved this garbage?! This is the WORST UI I've ever seen! FIX IT NOW!!!
34,cbb2a1a6,agent,2026-02-06 16:24:52,Thank you for your feedback. We understand design preferences vary and will share your input with our design team.
35,79298a1e,customer,2026-02-06 15:54:52,I can't believe how UGLY this interface is! The colors are AWFUL! This is UNACCEPTABLE!!!!
36,79298a1e,agent,2026-02-06 16:24:52,We've logged your feedback about the design. Our team reviews all suggestions.
37,c4c8360e,customer,2026-02-06 15:54:52,HORRIBLE! AWFUL! TERRIBLE! This button color makes me want to SCREAM! Change it back IMMEDIATELY!
38,c4c8360e,agent,2026-02-06 16:24:52,Thank you for reaching out. We're always looking to improve and value your perspective.
39,0e96fadc,customer,2026-02-06 15:54:52,What kind of IDIOT designed this layout?! It's the most HIDEOUS thing I've ever seen! SHAME ON YOU!
40,0e96fadc,agent,2026-02-06 16:24:52,We appreciate you taking the time to share your thoughts. Your feedback has been noted.
41,af1d3d74,customer,2026-02-06 15:54:52,This new icon is SO UGLY! I DEMAND you change it back! This is OUTRAGEOUS!!!
42,af1d3d74,agent,2026-02-06 16:24:52,Thank you for your feedback. We understand design preferences vary and will share your input with our design team.
43,27a1ac6c,customer,2026-02-06 15:54:52,I am FURIOUS about this font change! It looks TERRIBLE! You've RUINED the entire app!
44,27a1ac6c,agent,2026-02-06 16:24:52,We appreciate you taking the time to share your thoughts. Your feedback has been noted.
45,0bc6cd69,customer,2026-02-06 15:54:52,WORST UPDATE EVER! The logo looks like GARBAGE! My 5-year-old could design better! PATHETIC!
46,0bc6cd69,agent,2026-02-06 16:24:52,Thank you for your feedback. We understand design preferences vary and will share your input with our design team.
47,be8a39ac,customer,2026-02-06 15:54:52,This shade of blue is OFFENSIVE! How DARE you change it?! I'm SO ANGRY right now!!!
48,be8a39ac,agent,2026-02-06 16:24:52,Thank you for your feedback. We understand design preferences vary and will share your input with our design team.
49,76ccf5f0,customer,2026-02-06 15:54:52,HATE HATE HATE this new theme! It's an ABOMINATION! The old one was INFINITELY better!
50,76ccf5f0,agent,2026-02-06 16:24:52,Thanks for sharing your opinion. We'll consider your input for future updates.
51,bafcfdbe,customer,2026-02-06 15:54:52,The menu looks DISGUSTING now! What were you THINKING?! TERRIBLE decision-making!
52,bafcfdbe,agent,2026-02-06 16:24:52,We've logged your feedback about the design. Our team reviews all suggestions.
53,1fa2b740,customer,2026-02-06 15:54:52,I CANNOT STAND this new gradient! It's UGLY beyond words! CHANGE IT BACK!!!
54,1fa2b740,agent,2026-02-06 16:24:52,We've logged your feedback about the design. Our team reviews all suggestions.
55,0da0715f,customer,2026-02-06 15:54:52,This button shape is AWFUL! I'm LOSING MY MIND over how bad this looks! UNBELIEVABLE!
56,0da0715f,agent,2026-02-06 16:24:52,Thanks for sharing your opinion. We'll consider your input for future updates.
57,cbdcf3c6,customer,2026-02-06 15:54:52,WORST. DESIGN. EVER. The spacing is ATROCIOUS! Fire your entire design team!!!
58,cbdcf3c6,agent,2026-02-06 16:24:52,Thanks for sharing your opinion. We'll consider your input for future updates.
59,5e0f9a79,customer,2026-02-06 15:54:52,I'm ENRAGED by this color palette! It's HIDEOUS! WHO APPROVED THIS NIGHTMARE?!
60,5e0f9a79,agent,2026-02-06 16:24:52,Thank you for your feedback. We understand design preferences vary and will share your input with our design team.
61,4a40a690,customer,2026-02-06 15:54:52,This is ABSOLUTELY TERRIBLE! I HATE this new color scheme! It's ugly and hurts my eyes! WORST decision ever!
62,4a40a690,agent,2026-02-06 16:24:52,Thank you for reaching out. We're always looking to improve and value your perspective.
63,8a956075,customer,2026-02-06 15:54:52,The font is DISGUSTING! Who approved this garbage?! This is the WORST UI I've ever seen! FIX IT NOW!!!
64,8a956075,agent,2026-02-06 16:24:52,Thank you for reaching out. We're always looking to improve and value your perspective.
65,c6c1c273,customer,2026-02-06 15:54:52,I can't believe how UGLY this interface is! The colors are AWFUL! This is UNACCEPTABLE!!!!
66,c6c1c273,agent,2026-02-06 16:24:52,Thank you for reaching out. We're always looking to improve and value your perspective.
67,79742c94,customer,2026-02-06 15:54:52,HORRIBLE! AWFUL! TERRIBLE! This button color makes me want to SCREAM! Change it back IMMEDIATELY!
68,79742c94,agent,2026-02-06 16:24:52,Thank you for reaching out. We're always looking to improve and value your perspective.
69,926ec8c7,customer,2026-02-06 15:54:52,What kind of IDIOT designed this layout?! It's the most HIDEOUS thing I've ever seen! SHAME ON YOU!
70,926ec8c7,agent,2026-02-06 16:24:52,We appreciate you taking the time to share your thoughts. Your feedback has been noted.
71,01f58e37,customer,2026-02-06 15:54:52,This new icon is SO UGLY! I DEMAND you change it back! This is OUTRAGEOUS!!!
72,01f58e37,agent,2026-02-06 16:24:52,We've logged your feedback about the design. Our team reviews all suggestions.
73,0b0553a3,customer,2026-02-06 15:54:52,I am FURIOUS about this font change! It looks TERRIBLE! You've RUINED the entire app!
74,0b0553a3,agent,2026-02-06 16:24:52,Thank you for your feedback. We understand design preferences vary and will share your input with our design team.
75,967c4bdf,customer,2026-02-06 15:54:52,WORST UPDATE EVER! The logo looks like GARBAGE! My 5-year-old could design better! PATHETIC!
76,967c4bdf,agent,2026-02-06 16:24:52,Thank you for reaching out. We're always looking to improve and value your perspective.
77,f1b88eb3,customer,2026-02-06 15:54:52,This shade of blue is OFFENSIVE! How DARE you change it?! I'm SO ANGRY right now!!!
78,f1b88eb3,agent,2026-02-06 16:24:52,We've logged your feedback about the design. Our team reviews all suggestions.
79,610f749c,customer,2026-02-06 15:54:52,HATE HATE HATE this new theme! It's an ABOMINATION! The old one was INFINITELY better!
80,610f749c,agent,2026-02-06 16:24:52,Thanks for sharing your opinion. We'll consider your input for future updates.
81,38de6381,customer,2026-02-06 15:54:52,The menu looks DISGUSTING now! What were you THINKING?! TERRIBLE decision-making!
82,38de6381,agent,2026-02-06 16:24:52,We've logged your feedback about the design. Our team reviews all suggestions.
83,d3b1a255,customer,2026-02-06 15:54:52,I CANNOT STAND this new gradient! It's UGLY beyond words! CHANGE IT BACK!!!
84,d3b1a255,agent,2026-02-06 16:24:52,Thank you for your feedback. We understand design preferences vary and will share your input with our design team.
85,ed79e406,customer,2026-02-06 15:54:52,This button shape is AWFUL! I'm LOSING MY MIND over how bad this looks! UNBELIEVABLE!
86,ed79e406,agent,2026-02-06 16:24:52,Thank you for reaching out. We're always looking to improve and value your perspective.
87,2b30697b,customer,2026-02-06 15:54:52,WORST. DESIGN. EVER. The spacing is ATROCIOUS! Fire your entire design team!!!
88,2b30697b,agent,2026-02-06 16:24:52,Thank you for your feedback. We understand design preferences vary and will share your input with our design team.
89,78f14980,customer,2026-02-06 15:54:52,I'm ENRAGED by this color palette! It's HIDEOUS! WHO APPROVED THIS NIGHTMARE?!
90,78f14980,agent,2026-02-06 16:24:52,Thanks for sharing your opinion. We'll consider your input for future updates.
91,4f3f8978,customer,2026-02-06 15:54:52,This is ABSOLUTELY TERRIBLE! I HATE this new color scheme! It's ugly and hurts my eyes! WORST decision ever!
92,4f3f8978,agent,2026-02-06 16:24:52,Thank you for your feedback. We understand design preferences vary and will share your input with our design team.
93,6ae47ee0,customer,2026-02-06 15:54:52,The font is DISGUSTING! Who approved this garbage?! This is the WORST UI I've ever seen! FIX IT NOW!!!
94,6ae47ee0,agent,2026-02-06 16:24:52,Thanks for sharing your opinion. We'll consider your input for future updates.
95,6c6ef47d,customer,2026-02-06 15:54:52,I can't believe how UGLY this interface is! The colors are AWFUL! This is UNACCEPTABLE!!!!
96,6c6ef47d,agent,2026-02-06 16:24:52,We've logged your feedback about the design. Our team reviews all suggestions.
97,5e3ec9f9,customer,2026-02-06 15:54:52,HORRIBLE! AWFUL! TERRIBLE! This button color makes me want to SCREAM! Change it back IMMEDIATELY!
98,5e3ec9f9,agent,2026-02-06 16:24:52,We appreciate you taking the time to share your thoughts. Your feedback has been noted.
99,7724b280,customer,2026-02-06 15:54:52,What kind of IDIOT designed this layout?! It's the most HIDEOUS thing I've ever seen! SHAME ON YOU!
100,7724b280,agent,2026-02-06 16:24:52,Thank you for your feedback. We understand design preferences vary and will share your input with our design team.
101,9a8490e5,customer,2026-02-06 15:54:52,This new icon is SO UGLY! I DEMAND you change it back! This is OUTRAGEOUS!!!
102,9a8490e5,agent,2026-02-06 16:24:52,Thanks for sharing your opinion. We'll consider your input for future updates.
103,2886ae6e,customer,2026-02-06 15:54:52,I am FURIOUS about this font change! It looks TERRIBLE! You've RUINED the entire app!
104,2886ae6e,agent,2026-02-06 16:24:52,Thanks for sharing your opinion. We'll consider your input for future updates.
105,83de513a,customer,2026-02-06 15:54:52,WORST UPDATE EVER! The logo looks like GARBAGE! My 5-year-old could design better! PATHETIC!
106,83de513a,agent,2026-02-06 16:24:52,Thank you for reaching out. We're always looking to improve and value your perspective.
107,dfd07ed1,customer,2026-02-06 15:54:52,This shade of blue is OFFENSIVE! How DARE you change it?! I'm SO ANGRY right now!!!
108,dfd07ed1,agent,2026-02-06 16:24:52,Thank you for reaching out. We're always looking to improve and value your perspective.
109,770316d6,customer,2026-02-06 15:54:52,HATE HATE HATE this new theme! It's an ABOMINATION! The old one was INFINITELY better!
110,770316d6,agent,2026-02-06 16:24:52,We appreciate you taking the time to share your thoughts. Your feedback has been noted.
111,be6bbdff,customer,2026-02-06 15:54:52,The menu looks DISGUSTING now! What were you THINKING?! TERRIBLE decision-making!
112,be6bbdff,agent,2026-02-06 16:24:52,Thank you for your feedback. We understand design preferences vary and will share your input with our design team.
113,c8875d7f,customer,2026-02-06 15:54:52,I CANNOT STAND this new gradient! It's UGLY beyond words! CHANGE IT BACK!!!
114,c8875d7f,agent,2026-02-06 16:24:52,Thank you for reaching out. We're always looking to improve and value your perspective.
115,d7c8bad6,customer,2026-02-06 15:54:52,This button shape is AWFUL! I'm LOSING MY MIND over how bad this looks! UNBELIEVABLE!
116,d7c8bad6,agent,2026-02-06 16:24:52,Thanks for sharing your opinion. We'll consider your input for future updates.
117,0d7d0820,customer,2026-02-06 15:54:52,WORST. DESIGN. EVER. The spacing is ATROCIOUS! Fire your entire design team!!!
118,0d7d0820,agent,2026-02-06 16:24:52,Thank you for reaching out. We're always looking to improve and value your perspective.
119,3cbd1f48,customer,2026-02-06 15:54:52,I'm ENRAGED by this color palette! It's HIDEOUS! WHO APPROVED THIS NIGHTMARE?!
120,3cbd1f48,agent,2026-02-06 16:24:52,We appreciate you taking the time to share your thoughts. Your feedback has been noted.
121,d47fd756,customer,2026-02-06 15:54:52,This is ABSOLUTELY TERRIBLE! I HATE this new color scheme! It's ugly and hurts my eyes! WORST decision ever!
122,d47fd756,agent,2026-02-06 16:24:52,Thank you for reaching out. We're always looking to improve and value your perspective.
123,85a62787,customer,2026-02-06 15:54:52,The font is DISGUSTING! Who approved this garbage?! This is the WORST UI I've ever seen! FIX IT NOW!!!
124,85a62787,agent,2026-02-06 16:24:52,Thank you for your feedback. We understand design preferences vary and will share your input with our design team.
125,6af69cd6,customer,2026-02-06 15:54:52,I can't believe how UGLY this interface is! The colors are AWFUL! This is UNACCEPTABLE!!!!
126,6af69cd6,agent,2026-02-06 16:24:52,Thank you for reaching out. We're always looking to improve and value your perspective.
127,3ffe285e,customer,2026-02-06 15:54:52,HORRIBLE! AWFUL! TERRIBLE! This button color makes me want to SCREAM! Change it back IMMEDIATELY!
128,3ffe285e,agent,2026-02-06 16:24:52,Thanks for sharing your opinion. We'll consider your input for future updates.
129,7c8869a9,customer,2026-02-06 15:54:52,What kind of IDIOT designed this layout?! It's the most HIDEOUS thing I've ever seen! SHAME ON YOU!
130,7c8869a9,agent,2026-02-06 16:24:52,Thank you for your feedback. We understand design preferences vary and will share your input with our design team.
131,5b050cbc,customer,2026-02-06 15:54:52,This new icon is SO UGLY! I DEMAND you change it back! This is OUTRAGEOUS!!!
132,5b050cbc,agent,2026-02-06 16:24:52,Thanks for sharing your opinion. We'll consider your input for future updates.
133,1d3adfeb,customer,2026-02-06 15:54:52,I am FURIOUS about this font change! It looks TERRIBLE! You've RUINED the entire app!
134,1d3adfeb,agent,2026-02-06 16:24:52,Thank you for reaching out. We're always looking to improve and value your perspective.
135,ff98ba08,customer,2026-02-06 15:54:52,WORST UPDATE EVER! The logo looks like GARBAGE! My 5-year-old could design better! PATHETIC!
136,ff98ba08,agent,2026-02-06 16:24:52,We appreciate you taking the time to share your thoughts. Your feedback has been noted.
137,c13500d4,customer,2026-02-06 15:54:52,This shade of blue is OFFENSIVE! How DARE you change it?! I'm SO ANGRY right now!!!
138,c13500d4,agent,2026-02-06 16:24:52,We appreciate you taking the time to share your thoughts. Your feedback has been noted.
139,b1785c83,customer,2026-02-06 15:54:52,HATE HATE HATE this new theme! It's an ABOMINATION! The old one was INFINITELY better!
140,b1785c83,agent,2026-02-06 16:24:52,We've logged your feedback about the design. Our team reviews all suggestions.
141,004544a3,customer,2026-02-06 15:54:52,The menu looks DISGUSTING now! What were you THINKING?! TERRIBLE decision-making!
142,004544a3,agent,2026-02-06 16:24:52,We've logged your feedback about the design. Our team reviews all suggestions.
143,3e60bf55,customer,2026-02-06 15:54:52,I CANNOT STAND this new gradient! It's UGLY beyond words! CHANGE IT BACK!!!
144,3e60bf55,agent,2026-02-06 16:24:52,Thanks for sharing your opinion. We'll consider your input for future updates.
145,8b9927e4,customer,2026-02-06 15:54:52,This button shape is AWFUL! I'm LOSING MY MIND over how bad this looks! UNBELIEVABLE!
146,8b9927e4,agent,2026-02-06 16:24:52,Thank you for your feedback. We understand design preferences vary and will share your input with our design team.
147,c1ddd6f8,customer,2026-02-06 15:54:52,WORST. DESIGN. EVER. The spacing is ATROCIOUS! Fire your entire design team!!!
148,c1ddd6f8,agent,2026-02-06 16:24:52,We appreciate you taking the time to share your thoughts. Your feedback has been noted.
149,adde8235,customer,2026-02-06 15:54:52,I'm ENRAGED by this color palette! It's HIDEOUS! WHO APPROVED THIS NIGHTMARE?!
150,adde8235,agent,2026-02-06 16:24:52,We appreciate you taking the time to share your thoughts. Your feedback has been noted.
151,74abe104,customer,2026-02-06 15:54:52,This is ABSOLUTELY TERRIBLE! I HATE this new color scheme! It's ugly and hurts my eyes! WORST decision ever!
152,74abe104,agent,2026-02-06 16:24:52,We appreciate you taking the time to share your thoughts. Your feedback has been noted.
153,7b7475d0,customer,2026-02-06 15:54:52,The font is DISGUSTING! Who approved this garbage?! This is the WORST UI I've ever seen! FIX IT NOW!!!
154,7b7475d0,agent,2026-02-06 16:24:52,Thank you for reaching out. We're always looking to improve and value your perspective.
155,dedc4414,customer,2026-02-06 15:54:52,I can't believe how UGLY this interface is! The colors are AWFUL! This is UNACCEPTABLE!!!!
156,dedc4414,agent,2026-02-06 16:24:52,Thanks for sharing your opinion. We'll consider your input for future updates.
157,a8aa00ca,customer,2026-02-06 15:54:52,HORRIBLE! AWFUL! TERRIBLE! This button color makes me want to SCREAM! Change it back IMMEDIATELY!
158,a8aa00ca,agent,2026-02-06 16:24:52,Thanks for sharing your opinion. We'll consider your input for future updates.
159,73123a6b,customer,2026-02-06 15:54:52,What kind of IDIOT designed this layout?! It's the most HIDEOUS thing I've ever seen! SHAME ON YOU!
160,73123a6b,agent,2026-02-06 16:24:52,Thank you for reaching out. We're always looking to improve and value your perspective.
161,472e151f,customer,2026-02-06 15:54:52,This new icon is SO UGLY! I DEMAND you change it back! This is OUTRAGEOUS!!!
162,472e151f,agent,2026-02-06 16:24:52,Thank you for your feedback. We understand design preferences vary and will share your input with our design team.
163,1d3ddc18,customer,2026-02-06 15:54:52,I am FURIOUS about this font change! It looks TERRIBLE! You've RUINED the entire app!
164,1d3ddc18,agent,2026-02-06 16:24:52,We've logged your feedback about the design. Our team reviews all suggestions.
165,e2594e0d,customer,2026-02-06 15:54:52,WORST UPDATE EVER! The logo looks like GARBAGE! My 5-year-old could design better! PATHETIC!
166,e2594e0d,agent,2026-02-06 16:24:52,Thank you for your feedback. We understand design preferences vary and will share your input with our design team.
167,d8c25817,customer,2026-02-06 15:54:52,This shade of blue is OFFENSIVE! How DARE you change it?! I'm SO ANGRY right now!!!
168,d8c25817,agent,2026-02-06 16:24:52,Thank you for your feedback. We understand design preferences vary and will share your input with our design team.
169,51da8273,customer,2026-02-06 15:54:52,HATE HATE HATE this new theme! It's an ABOMINATION! The old one was INFINITELY better!
170,51da8273,agent,2026-02-06 16:24:52,We've logged your feedback about the design. Our team reviews all suggestions.
171,4cce3692,customer,2026-02-06 15:54:52,The menu looks DISGUSTING now! What were you THINKING?! TERRIBLE decision-making!
172,4cce3692,agent,2026-02-06 16:24:52,We appreciate you taking the time to share your thoughts. Your feedback has been noted.
173,e964ce75,customer,2026-02-06 15:54:52,I CANNOT STAND this new gradient! It's UGLY beyond words! CHANGE IT BACK!!!
174,e964ce75,agent,2026-02-06 16:24:52,We've logged your feedback about the design. Our team reviews all suggestions.
175,125fed01,customer,2026-02-06 15:54:52,This button shape is AWFUL! I'm LOSING MY MIND over how bad this looks! UNBELIEVABLE!
176,125fed01,agent,2026-02-06 16:24:52,Thank you for reaching out. We're always looking to improve and value your perspective.
177,ba919bc8,customer,2026-02-06 15:54:52,WORST. DESIGN. EVER. The spacing is ATROCIOUS! Fire your entire design team!!!
178,ba919bc8,agent,2026-02-06 16:24:52,Thanks for sharing your opinion. We'll consider your input for future updates.
179,a65741ed,customer,2026-02-06 15:54:52,I'm ENRAGED by this color palette! It's HIDEOUS! WHO APPROVED THIS NIGHTMARE?!
180,a65741ed,agent,2026-02-06 16:24:52,Thanks for sharing your opinion. We'll consider your input for future updates.
181,2989aace,customer,2026-02-06 15:54:52,This is ABSOLUTELY TERRIBLE! I HATE this new color scheme! It's ugly and hurts my eyes! WORST decision ever!
182,2989aace,agent,2026-02-06 16:24:52,We appreciate you taking the time to share your thoughts. Your feedback has been noted.
183,9264df29,customer,2026-02-06 15:54:52,The font is DISGUSTING! Who approved this garbage?! This is the WORST UI I've ever seen! FIX IT NOW!!!
184,9264df29,agent,2026-02-06 16:24:52,Thank you for your feedback. We understand design preferences vary and will share your input with our design team.
185,896ae895,customer,2026-02-06 15:54:52,I can't believe how UGLY this interface is! The colors are AWFUL! This is UNACCEPTABLE!!!!
186,896ae895,agent,2026-02-06 16:24:52,Thank you for your feedback. We understand design preferences vary and will share your input with our design team.
187,0e481319,customer,2026-02-06 15:54:52,HORRIBLE! AWFUL! TERRIBLE! This button color makes me want to SCREAM! Change it back IMMEDIATELY!
188,0e481319,agent,2026-02-06 16:24:52,Thanks for sharing your opinion. We'll consider your input for future updates.
189,78e3c3f0,customer,2026-02-06 15:54:52,What kind of IDIOT designed this layout?! It's the most HIDEOUS thing I've ever seen! SHAME ON YOU!
190,78e3c3f0,agent,2026-02-06 16:24:52,We appreciate you taking the time to share your thoughts. Your feedback has been noted.
191,321086d7,customer,2026-02-06 15:54:52,This new icon is SO UGLY! I DEMAND you change it back! This is OUTRAGEOUS!!!
192,321086d7,agent,2026-02-06 16:24:52,Thanks for sharing your opinion. We'll consider your input for future updates.
193,b8383338,customer,2026-02-06 15:54:52,I am FURIOUS about this font change! It looks TERRIBLE! You've RUINED the entire app!
194,b8383338,agent,2026-02-06 16:24:52,We've logged your feedback about the design. Our team reviews all suggestions.
195,b5664d39,customer,2026-02-06 15:54:52,WORST UPDATE EVER! The logo looks like GARBAGE! My 5-year-old could design better! PATHETIC!
196,b5664d39,agent,2026-02-06 16:24:52,We appreciate you taking the time to share your thoughts. Your feedback has been noted.
197,4c5651fc,customer,2026-02-06 15:54:52,This shade of blue is OFFENSIVE! How DARE you change it?! I'm SO ANGRY right now!!!
198,4c5651fc,agent,2026-02-06 16:24:52,Thank you for your feedback. We understand design preferences vary and will share your input with our design team.
199,27b29299,customer,2026-02-06 15:54:52,HATE HATE HATE this new theme! It's an ABOMINATION! The old one was INFINITELY better!
200,27b29299,agent,2026-02-06 16:24:52,We appreciate you taking the time to share your thoughts. Your feedback has been noted.
201,5f4f0ec2,customer,2026-02-06 15:54:52,The menu looks DISGUSTING now! What were you THINKING?! TERRIBLE decision-making!
202,5f4f0ec2,agent,2026-02-06 16:24:52,Thanks for sharing your opinion. We'll consider your input for future updates.
203,5f7b7f7e,customer,2026-02-06 15:54:52,I CANNOT STAND this new gradient! It's UGLY beyond words! CHANGE IT BACK!!!
204,5f7b7f7e,agent,2026-02-06 16:24:52,Thanks for sharing your opinion. We'll consider your input for future updates.
205,abc116a5,customer,2026-02-06 15:54:52,This button shape is AWFUL! I'm LOSING MY MIND over how bad this looks! UNBELIEVABLE!
206,abc116a5,agent,2026-02-06 16:24:52,We've logged your feedback about the design. Our team reviews all suggestions.
207,6e6521b6,customer,2026-02-06 15:54:52,WORST. DESIGN. EVER. The spacing is ATROCIOUS! Fire your entire design team!!!
208,6e6521b6,agent,2026-02-06 16:24:52,Thank you for your feedback. We understand design preferences vary and will share your input with our design team.
209,e9ede071,customer,2026-02-06 15:54:52,I'm ENRAGED by this color palette! It's HIDEOUS! WHO APPROVED THIS NIGHTMARE?!
210,e9ede071,agent,2026-02-06 16:24:52,We appreciate you taking the time to share your thoughts. Your feedback has been noted.
211,e8483540,customer,2026-02-06 15:54:52,This is ABSOLUTELY TERRIBLE! I HATE this new color scheme! It's ugly and hurts my eyes! WORST decision ever!
212,e8483540,agent,2026-02-06 16:24:52,Thank you for reaching out. We're always looking to improve and value your perspective.
213,6ebe6c30,customer,2026-02-06 15:54:52,The font is DISGUSTING! Who approved this garbage?! This is the WORST UI I've ever seen! FIX IT NOW!!!
214,6ebe6c30,agent,2026-02-06 16:24:52,Thanks for sharing your opinion. We'll consider your input for future updates.
215,144504aa,customer,2026-02-06 15:54:52,I can't believe how UGLY this interface is! The colors are AWFUL! This is UNACCEPTABLE!!!!
216,144504aa,agent,2026-02-06 16:24:52,We've logged your feedback about the design. Our team reviews all suggestions.
217,8df92f3d,customer,2026-02-06 15:54:52,HORRIBLE! AWFUL! TERRIBLE! This button color makes me want to SCREAM! Change it back IMMEDIATELY!
218,8df92f3d,agent,2026-02-06 16:24:52,We appreciate you taking the time to share your thoughts. Your feedback has been noted.
219,fb15bc65,customer,2026-02-06 15:54:52,What kind of IDIOT designed this layout?! It's the most HIDEOUS thing I've ever seen! SHAME ON YOU!
220,fb15bc65,agent,2026-02-06 16:24:52,Thank you for your feedback. We understand design preferences vary and will share your input with our design team.
221,85e4a734,customer,2026-02-06 15:54:52,This new icon is SO UGLY! I DEMAND you change it back! This is OUTRAGEOUS!!!
222,85e4a734,agent,2026-02-06 16:24:52,Thank you for reaching out. We're always looking to improve and value your perspective.
223,0ab80fa5,customer,2026-02-06 15:54:52,I am FURIOUS about this font change! It looks TERRIBLE! You've RUINED the entire app!
224,0ab80fa5,agent,2026-02-06 16:24:52,Thank you for your feedback. We understand design preferences vary and will share your input with our design team.
225,e8f64d99,customer,2026-02-06 15:54:52,WORST UPDATE EVER! The logo looks like GARBAGE! My 5-year-old could design better! PATHETIC!
226,e8f64d99,agent,2026-02-06 16:24:52,Thank you for your feedback. We understand design preferences vary and will share your input with our design team.
227,65efe609,customer,2026-02-06 15:54:52,This shade of blue is OFFENSIVE! How DARE you change it?! I'm SO ANGRY right now!!!
228,65efe609,agent,2026-02-06 16:24:52,Thanks for sharing your opinion. We'll consider your input for future updates.
229,8d7b8353,customer,2026-02-06 15:54:52,HATE HATE HATE this new theme! It's an ABOMINATION! The old one was INFINITELY better!
230,8d7b8353,agent,2026-02-06 16:24:52,Thanks for sharing your opinion. We'll consider your input for future updates.
231,2c664c7d,customer,2026-02-06 15:54:52,The menu looks DISGUSTING now! What were you THINKING?! TERRIBLE decision-making!
232,2c664c7d,agent,2026-02-06 16:24:52,Thank you for reaching out. We're always looking to improve and value your perspective.
233,eb26ae21,customer,2026-02-06 15:54:52,I CANNOT STAND this new gradient! It's UGLY beyond words! CHANGE IT BACK!!!
234,eb26ae21,agent,2026-02-06 16:24:52,We've logged your feedback about the design. Our team reviews all suggestions.
235,4f135a78,customer,2026-02-06 15:54:52,This button shape is AWFUL! I'm LOSING MY MIND over how bad this looks! UNBELIEVABLE!
236,4f135a78,agent,2026-02-06 16:24:52,Thank you for reaching out. We're always looking to improve and value your perspective.
237,4c18e701,customer,2026-02-06 15:54:52,WORST. DESIGN. EVER. The spacing is ATROCIOUS! Fire your entire design team!!!
238,4c18e701,agent,2026-02-06 16:24:52,Thank you for reaching out. We're always looking to improve and value your perspective.
239,dadba54d,customer,2026-02-06 15:54:52,I'm ENRAGED by this color palette! It's HIDEOUS! WHO APPROVED THIS NIGHTMARE?!
240,dadba54d,agent,2026-02-06 16:24:52,Thank you for reaching out. We're always looking to improve and value your perspective.
241,8812944f,customer,2026-02-06 15:54:52,This is ABSOLUTELY TERRIBLE! I HATE this new color scheme! It's ugly and hurts my eyes! WORST decision ever!
242,8812944f,agent,2026-02-06 16:24:52,Thank you for your feedback. We understand design preferences vary and will share your input with our design team.
243,9479ea50,customer,2026-02-06 15:54:52,The font is DISGUSTING! Who approved this garbage?! This is the WORST UI I've ever seen! FIX IT NOW!!!
244,9479ea50,agent,2026-02-06 16:24:52,Thank you for your feedback. We understand design preferences vary and will share your input with our design team.
245,775e1092,customer,2026-02-06 15:54:52,I can't believe how UGLY this interface is! The colors are AWFUL! This is UNACCEPTABLE!!!!
246,775e1092,agent,2026-02-06 16:24:52,Thanks for sharing your opinion. We'll consider your input for future updates.
247,bbb9d53e,customer,2026-02-06 15:54:52,HORRIBLE! AWFUL! TERRIBLE! This button color makes me want to SCREAM! Change it back IMMEDIATELY!
248,bbb9d53e,agent,2026-02-06 16:24:52,We appreciate you taking the time to share your thoughts. Your feedback has been noted.
249,fee45593,customer,2026-02-06 15:54:52,What kind of IDIOT designed this layout?! It's the most HIDEOUS thing I've ever seen! SHAME ON YOU!
250,fee45593,agent,2026-02-06 16:24:52,We've logged your feedback about the design. Our team reviews all suggestions.
251,6a4b33e5,customer,2026-02-06 15:54:52,This new icon is SO UGLY! I DEMAND you change it back! This is OUTRAGEOUS!!!
252,6a4b33e5,agent,2026-02-06 16:24:52,We appreciate you taking the time to share your thoughts. Your feedback has been noted.
253,c69f5845,customer,2026-02-06 15:54:52,I am FURIOUS about this font change! It looks TERRIBLE! You've RUINED the entire app!
254,c69f5845,agent,2026-02-06 16:24:52,We've logged your feedback about the design. Our team reviews all suggestions.
255,6fd4c9b3,customer,2026-02-06 15:54:52,WORST UPDATE EVER! The logo looks like GARBAGE! My 5-year-old could design better! PATHETIC!
256,6fd4c9b3,agent,2026-02-06 16:24:52,Thanks for sharing your opinion. We'll consider your input for future updates.
257,321e38ef,customer,2026-02-06 15:54:52,This shade of blue is OFFENSIVE! How DARE you change it?! I'm SO ANGRY right now!!!
258,321e38ef,agent,2026-02-06 16:24:52,We appreciate you taking the time to share your thoughts. Your feedback has been noted.
259,d55fe116,customer,2026-02-06 15:54:52,HATE HATE HATE this new theme! It's an ABOMINATION! The old one was INFINITELY better!
260,d55fe116,agent,2026-02-06 16:24:52,Thank you for your feedback. We understand design preferences vary and will share your input with our design team.
261,7a8445df,customer,2026-02-06 15:54:52,The menu looks DISGUSTING now! What were you THINKING?! TERRIBLE decision-making!
262,7a8445df,agent,2026-02-06 16:24:52,Thank you for reaching out. We're always looking to improve and value your perspective.
263,17dc4c9a,customer,2026-02-06 15:54:52,I CANNOT STAND this new gradient! It's UGLY beyond words! CHANGE IT BACK!!!
264,17dc4c9a,agent,2026-02-06 16:24:52,Thanks for sharing your opinion. We'll consider your input for future updates.
265,f8f4d896,customer,2026-02-06 15:54:52,This button shape is AWFUL! I'm LOSING MY MIND over how bad this looks! UNBELIEVABLE!
266,f8f4d896,agent,2026-02-06 16:24:52,Thank you for your feedback. We understand design preferences vary and will share your input with our design team.
267,421ec850,customer,2026-02-06 15:54:52,WORST. DESIGN. EVER. The spacing is ATROCIOUS! Fire your entire design team!!!
268,421ec850,agent,2026-02-06 16:24:52,Thanks for sharing your opinion. We'll consider your input for future updates.
269,7518d6cf,customer,2026-02-06 15:54:52,I'm ENRAGED by this color palette! It's HIDEOUS! WHO APPROVED THIS NIGHTMARE?!
270,7518d6cf,agent,2026-02-06 16:24:52,We've logged your feedback about the design. Our team reviews all suggestions.
271,d3a09f65,customer,2026-02-06 15:54:52,This is ABSOLUTELY TERRIBLE! I HATE this new color scheme! It's ugly and hurts my eyes! WORST decision ever!
272,d3a09f65,agent,2026-02-06 16:24:52,Thank you for reaching out. We're always looking to improve and value your perspective.
273,d9d54557,customer,2026-02-06 15:54:52,The font is DISGUSTING! Who approved this garbage?! This is the WORST UI I've ever seen! FIX IT NOW!!!
274,d9d54557,agent,2026-02-06 16:24:52,Thanks for sharing your opinion. We'll consider your input for future updates.
275,19dd5593,customer,2026-02-06 15:54:52,I can't believe how UGLY this interface is! The colors are AWFUL! This is UNACCEPTABLE!!!!
276,19dd5593,agent,2026-02-06 16:24:52,Thank you for reaching out. We're always looking to improve and value your perspective.
277,3014d936,customer,2026-02-06 15:54:52,HORRIBLE! AWFUL! TERRIBLE! This button color makes me want to SCREAM! Change it back IMMEDIATELY!
278,3014d936,agent,2026-02-06 16:24:52,Thank you for reaching out. We're always looking to improve and value your perspective.
279,df338f89,customer,2026-02-06 15:54:52,What kind of IDIOT designed this layout?! It's the most HIDEOUS thing I've ever seen! SHAME ON YOU!
280,df338f89,agent,2026-02-06 16:24:52,Thanks for sharing your opinion. We'll consider your input for future updates.
281,cb838908,customer,2026-02-06 15:54:52,This new icon is SO UGLY! I DEMAND you change it back! This is OUTRAGEOUS!!!
282,cb838908,agent,2026-02-06 16:24:52,Thank you for reaching out. We're always looking to improve and value your perspective.
283,e2b1d6e0,customer,2026-02-06 15:54:52,I am FURIOUS about this font change! It looks TERRIBLE! You've RUINED the entire app!
284,e2b1d6e0,agent,2026-02-06 16:24:52,We appreciate you taking the time to share your thoughts. Your feedback has been noted.
285,e609159d,customer,2026-02-06 15:54:52,WORST UPDATE EVER! The logo looks like GARBAGE! My 5-year-old could design better! PATHETIC!
286,e609159d,agent,2026-02-06 16:24:52,We've logged your feedback about the design. Our team reviews all suggestions.
287,d1706148,customer,2026-02-06 15:54:52,This shade of blue is OFFENSIVE! How DARE you change it?! I'm SO ANGRY right now!!!
288,d1706148,agent,2026-02-06 16:24:52,Thanks for sharing your opinion. We'll consider your input for future updates.
289,f837c94c,customer,2026-02-06 15:54:52,HATE HATE HATE this new theme! It's an ABOMINATION! The old one was INFINITELY better!
290,f837c94c,agent,2026-02-06 16:24:52,We've logged your feedback about the design. Our team reviews all suggestions.
291,baa8197a,customer,2026-02-06 15:54:52,The menu looks DISGUSTING now! What were you THINKING?! TERRIBLE decision-making!
292,baa8197a,agent,2026-02-06 16:24:52,Thank you for your feedback. We understand design preferences vary and will share your input with our design team.
293,769e7ed8,customer,2026-02-06 15:54:52,I CANNOT STAND this new gradient! It's UGLY beyond words! CHANGE IT BACK!!!
294,769e7ed8,agent,2026-02-06 16:24:52,Thank you for your feedback. We understand design preferences vary and will share your input with our design team.
295,c5b29edd,customer,2026-02-06 15:54:52,This button shape is AWFUL! I'm LOSING MY MIND over how bad this looks! UNBELIEVABLE!
296,c5b29edd,agent,2026-02-06 16:24:52,Thank you for your feedback. We understand design preferences vary and will share your input with our design team.
297,e31611db,customer,2026-02-06 15:54:52,WORST. DESIGN. EVER. The spacing is ATROCIOUS! Fire your entire design team!!!
298,e31611db,agent,2026-02-06 16:24:52,We've logged your feedback about the design. Our team reviews all suggestions.
299,f4be0a09,customer,2026-02-06 15:54:52,I'm ENRAGED by this color palette! It's HIDEOUS! WHO APPROVED THIS NIGHTMARE?!
300,f4be0a09,agent,2026-02-06 16:24:52,Thank you for your feedback. We understand design preferences vary and will share your input with our design team.
